recipe_id,name,meal_type,cuisine,calories_kcal,protein_g,carbs_g,fat_g,fiber_g,sodium_mg,ingredients,instructions,diet_tags,is_vegetarian,is_vegan,is_pescatarian,is_gluten_free,is_dairy_free,med_attributes,image_url
"r_ratatouille_fr,""Ratatouille"",""Dinner"",""France"", 69.3, 1.3, 3.3, 4.9, 1.8, 93.5,""Zucchini (raw); Tomatoes (raw); Tomato sauce (cooked); Aubergine (raw); Olive oil; Thyme (dried and pulverised)"",""Step 1: Wash the vegetables. Step 2: Cut the vegetables in 1cm cubes. Step 3: Roast in a pan with olive oil ~10 minutes. Step 4: Add tomato sauce and thyme, simmer 20 minutes. Step 5: Add salt to taste. Optional: drizzle paste (tomato, sun-dried tomato, bell pepper, garlic, oregano, grape juice) before serving."","""", true, true, true, true, true,""olive_oil,vegetables,fruits,herbs_spices"","""""
"r_bouillabaisse_fr,""Bouillabaisse"",""Dinner"",""France"", 78.2, 8.4, 5.1, 2.5, 1.6, 864.2,""Fish stock; Fennel; Celery; Garlic; Tomato purée; Olive oil; Saffron; Cayenne pepper; Herbes de Provence; Mixed Mediterranean fish; Potatoes; Mussels; Lobster; Egg yolk; Mustard; Vegetable oil; Salt & pepper; Bread slices"",""Step 1: Prepare the fish soup with fennel, garlic, celery, saffron, herbs. Step 2: Separate fish, sauté with oil, add tomato paste and simmer. Step 3: Add potatoes and fish, cook gently. Step 4: Boil soup with lobster tails, add fish and potatoes until cooked. Step 5: Prepare the rouille with egg, mustard, oil, tomato paste, spices. Step 6: Prepare bread with garlic. Step 7: Serve soup with fish, potatoes, bread, and rouille. Optional: drizzle paste (fermented lemon, black garlic, parsley, kombucha, sumac) before serving."","""", false, false, true, false, true,""olive_oil,fish,vegetables,herbs_spices"",""https://www.cuisineaz.com/recettes/bouillabaisse-traditionnelle-4003.aspx"""
"r_cassoulet_fr,""Cassoulet"",""Dinner"",""France"", 233, 12.7, 4.2, 18.4, 2.3, 290.4,""Lingot beans or Mogette beans; Pork belly; Toulouse sausages; Pork rind; Duck legs confit; Carrot; Salted bacon; Duck fat; Garlic cloves; Onion; Baking soda"",""Step 1: Soak beans overnight. Step 2: Cook beans in casserole ~10 min. Step 3: Chop carrot, onion, slice pork brisket and sausages. Step 4: Drain beans, add carrot, onion, garlic, bacon, baking soda, simmer 1h. Step 5: Brown pork belly, sausages, duck legs. Step 6: Layer rind, beans, meats in casserole. Step 7: Add stock, cover, bake 1–1.5h at 150°C. Optional: drizzle paste (tomato, sun-dried tomato, pepper, garlic, oregano, grape juice) before serving."","""", false, false, false, true, true,""legumes,vegetables"",""https://www.750g.com/cassoulet-r98605.htm"""
"r_piperade_fr,""Piperade Basque"",""Lunch"",""France"", 59.8, 1.2, 11.7, 0.9, 4.0, 265.2,""Sweet pepper; Onions; Bell peppers; Bouquet garni; Olive oil; Salt; Sugar; Piment d'Espelette; Garlic cloves"",""Step 1: Peel and chop onions, seed peppers, chop garlic. Step 2: Fry onions in olive oil, add chillies and peppers, cook 15 min. Step 3: Add garlic, bouquet garni, chopped tomatoes, sugar, simmer 15 min. Step 4: Season, cook on high to reduce liquid, 15 min. Step 5: Adjust seasoning, finish on low, serve. Optional: drizzle paste (red plums, grape juice, kombucha, lemon, cinnamon) before serving."","""", true, true, true, true, true,""olive_oil,vegetables,fruits,herbs_spices"",""https://e.journaldestemmes.fr/recette/329382-piperade"""
"r_potaufeu_fr,""Pot-au-feu"",""Dinner"",""France"", 293, 12.3, 1.2, 26.0, 1.2, 369.5,""Fatty beef; Lean beef; Gelatinous beef; Onions; Leeks; Carrots; Cloves; Salt; Pepper; Marrow bone; Celery; Garlic; Bouquet garni"",""Step 1: Tie meat pieces, cut oxtail if available. Step 2: Peel vegetables, stud onion with cloves. Step 3: Place meat and marrow bone in muslin, cover with cold water, boil and skim. Step 4: Add vegetables, garlic, bouquet garni, peppercorns. Step 5: Simmer gently for 4h, skimming fat. Step 6: Serve broth hot with meat, vegetables, mustard or pickles. Optional: drizzle paste (white beans, fermented lemon, mustard seeds, walnuts, kombucha)."","""", false, false, false, true, true,""vegetables,herbs_spices"",""https://www.marmiton.org/recettes/recette_pot-au-feu_32792.aspx"""
"r_tielle_fr,""Tielle Sétoise"",""Lunch"",""France"", 141.4, 6.4, 18.2, 4.7, 1.7, 568.3,""Octopus or squid tubes; Strong plain flour; Fine polenta; Tomatoes (peeled or purée); Onion; Olive oil; Salt; Pepper; Garlic; Saffron; Rosemary; Piment d'Espelette"",""Step 1: Make dough with flour, polenta, salt, water, rest. Step 2: Fry onion in oil, add garlic, saffron, rosemary, piment, cook. Step 3: Add octopus or squid, cook until tender. Step 4: Add tomatoes and purée, season, simmer until thick, cool. Step 5: Roll out dough, cut circles, fill with stuffing. Step 6: Seal pastry edges, crimp traditionally. Step 7: Bake at 180°C until golden. Step 8: Serve hot or cold, optionally with paste."","""", false, false, true, false, true,""olive_oil,fish,vegetables,herbs_spices"",""https://perfectlyprovence.co/how-to-make-tielle-setoise-fishermans-octopus-and-tomato-pies/"""
"r_basquecake_fr,""Basque Cake"",""Snack"",""France"", 233.8, 3.9, 33.2, 9.3, 3.3, 279.9,""Flour (types 44–55); Sugar; Unsalted butter; Egg; Egg yolk; Salt; Baking powder; Milk; Rhum (optional); Pastry cream (egg yolk, sugar, flour, milk)"",""Step 1: Cream butter and sugar. Step 2: Add egg yolks and eggs, mix smooth. Step 3: Mix flour and baking powder, add to wet mixture. Step 4: Rest dough 30 min to 1 day. Step 5: Prepare pastry cream (milk, yolks, sugar, flour), thicken, cool. Step 6: Shape dough into base, add cream filling, top with dough. Step 7: Seal edges, decorate, bake at 160°C for ~50 min. Optional: drizzle paste (dried plums, grape juice, kombucha, lemon, cinnamon) on top."","""", true, false, true, false, false,""fruits"",""https://bascofinefoods.com/the-real-recipe-for-traditional-basque-cake"""
"r_goulash_fr,""Goulash"",""Dinner"",""German"", 74.4, 6.1, 6.1, 1.8, 1.5, 589.9,""Beef (diced); Red wine; Onion; Beef broth; Sauce thickener; Salt; Pepper; Celery; Carrot; Tomato paste; Paprika powder (sweet and hot); Butter; Bay leaves; Olive oil"",""Step 1: Dice onions, carrots, celery. Step 2: Fry vegetables and meat in olive oil, add paprika. Step 3: Add all ingredients to pressure cooker, cook until tender. Step 4: If too liquid, thicken with starch flour, remove bay leaves. Step 5: Serve hot, optionally drizzle paste (tomato, red pepper, garlic, oregano, grape juice)."","""", false, false, false, true, false,""olive_oil,vegetables,herbs_spices"",""https://www.chefkoch.de/rezepte/431091134310048/Gulasch-nach-Oma-Magda.html"""
"r_konigsbergerklopse_de,""Königsberger Klopse"",""Dinner"",""Germany"", 174.1, 5.5, 4.9, 14.5, 1.5, 666.7,""Minced meat (mixed); Meat broth; Lemon juice; Nutmeg; Cream; Shallots; Egg; Capers; Stale bread; Olive oil; Flour; Salt; Pepper; Anchovy fillets"",""Step 1: Soak bread, sauté shallots in olive oil. Step 2: Mix minced meat with bread, shallots, eggs, lemon zest, nutmeg, season, form dumplings. Step 3: Boil broth, simmer dumplings 20 min. Step 4: Make sauce with oil, flour, broth, cream, capers, lemon juice, nutmeg. Let dumplings sit in sauce. Optional: drizzle paste (white beans, fermented lemon, mustard seeds, walnuts, kombucha)."","""", false, false, false, false, false,""olive_oil,herbs_spices"",""https://www.chefkoch.de/rezepte/27131006368050/Meine-Koenigsberger-Klopse.html"""
"r_erbsensuppe_de,""Erbsensuppe"",""Dinner"",""Germany"", 126.5, 5.3, 5.9, 8.9, 2.3, 1071.3,""Vienna sausages; Dried green peas; Potatoes; Onion; Soup greens; Smoked bacon; Olive oil; Marjoram; Bay leaf; Salt; Pepper"",""Step 1: Soak peas overnight. Step 2: Dice potatoes, onion, soup greens. Step 3: Fry bacon in olive oil. Step 4: Add all ingredients except sausages to pressure cooker, cook until peas are soft. Step 5: Season, add sausages at the end and warm through. Optional: drizzle paste (fermented lemon, black garlic, parsley, kombucha, sumac)."","""", false, false, false, true, true,""legumes,olive_oil,vegetables,herbs_spices"",""https://www.chefkoch.de/rezepte/2921431444745145/Omas-Erbsensuppe-mit-Wiener-Wuerstchen.html"""
"r_milchreis_de,""Milchreis mit Zucker und Zimt"",""Dessert"",""Germany"", 116.1, 2.3, 21.7, 2.2, 3.1, 532.7,""Brown rice; Milk; Sugar; Vanilla sugar; Salt; Cinnamon powder; Butter; Water"",""Step 1: Melt butter in a pot, sweat the rice. Step 2: Add milk, sugar, vanilla and simmer. Step 3: Cook in rice steamer until creamy (~30 min). Step 4: Serve warm or cold. Step 5: Top with cinnamon-sugar mix. Optional: drizzle paste (red plums, grape juice, kombucha, lemon juice, cinnamon) or ROMB2 (almond powder, melon beer, grape pomace, sumac)."","""", true, false, false, true,""dairy,whole_grain,spices"","""""
"r_stewed_dolphinfish_it,""Stewed Dolphinfish (Mahi-Mahi) with Tomatoes & Olives"",""Dinner"",""Italy"", 420, 38, 12, 24, 4, 520,""Mahi-mahi fillets; Cherry tomatoes; Green olives; Capers; Garlic; Onion; Extra-virgin olive oil; Dry white wine; Parsley; Black pepper; Lemon zest; Salt"",""Step 1: Season fish with pepper and lemon zest. Step 2: Sauté onion and garlic in olive oil 2–3 minutes. Step 3: Add tomatoes, olives, capers and wine; simmer 8–10 minutes. Step 4: Nestle fish into sauce, cover and stew 6–8 minutes until flaky. Step 5: Finish with chopped parsley and adjust salt."","""", false, false, true, true, true,""olive_oil,fish,vegetables,herbs_spices"","""""
"r_sardine_meatballs_it,""Baked Sardine Meatballs in Tomato Sauce"",""Lunch"",""Italy"", 460, 35, 22, 26, 3, 600,""Fresh sardines (boned); Whole-wheat breadcrumbs; Egg; Parsley; Lemon zest; Garlic; Extra-virgin olive oil; Tomato passata; Capers; Chili flakes; Black pepper; Salt"",""Step 1: Blend sardines with breadcrumbs, egg, parsley, zest and garlic; form balls. Step 2: Brush with oil and bake 12–15 minutes at 200°C. Step 3: Simmer passata with capers and chili 10 minutes. Step 4: Coat meatballs in sauce and bake 5 more minutes."","""", false, false, true, false, false,""olive_oil,fish,herbs_spices,vegetables"","""""
"r_green_olive_pate_it,""Green Olive Pâté on Whole-Grain Crostini"",""Snack"",""Italy"", 220, 4, 20, 14, 3, 380,""Green olives (pitted); Capers; Garlic; Parsley; Lemon juice; Extra-virgin olive oil; Whole-grain baguette slices"",""Step 1: Blend olives, capers, garlic, parsley, lemon juice and oil to a coarse paste. Step 2: Toast baguette slices. Step 3: Spread pâté over crostini and serve."",""vegetarian,vegan"", true, true, false, false, false,""olive_oil,whole_grains,herbs_spices,vegetables"","""""
"r_sea_bream_crudo_it,""Raw Sea Bream with Mango & Olives (Crudo)"",""Lunch"",""Italy"", 310, 32, 18, 10, 3, 320,""Sea bream (sashimi-grade); Mango (diced); Green olives (sliced); Lemon juice; Extra-virgin olive oil; Chives; Black pepper; Flaky salt"",""Step 1: Slice fish thinly and arrange on a chilled plate. Step 2: Top with mango and olives. Step 3: Dress with lemon juice and olive oil; season with salt, pepper and chives."","""", false, false, true, true, true,""fish,olive_oil,fruits,herbs_spices"","""""
"r_caponata_it,""Sicilian Caponata (Eggplant–Olive Relish)"",""Dinner"",""Italy"", 260, 5, 24, 16, 7, 420,""Eggplant; Celery; Red onion; Tomato; Green olives; Capers; Raisins; Red wine vinegar; Extra-virgin olive oil; Pine nuts (optional); Basil; Salt; Pepper"",""Step 1: Sauté diced eggplant in olive oil until tender; set aside. Step 2: Soften onion and celery. Step 3: Add tomato, olives, capers, raisins and vinegar; simmer 8–10 minutes. Step 4: Fold in eggplant, season and finish with basil (and pine nuts)."",""vegetarian,vegan"", true, true, false, true, true,""olive_oil,vegetables,fruits,herbs_spices,nuts_seeds"","""""
"r_panelle_it,""Baked Bread & Chickpea Fritters (Panelle) with Whole-Grain Pita"",""Snack"",""Italy"", 350, 12, 48, 12, 8, 450,""Chickpea flour; Water; Parsley; Cumin; Black pepper; Salt; Extra-virgin olive oil; Whole-grain pita; Lemon wedges"",""Step 1: Cook chickpea flour with water, salt and spices, stirring until thick. Step 2: Spread on a tray to set, then slice. Step 3: Brush with oil and bake at 220°C until crisp. Step 4: Serve in warm whole-grain pita with lemon."",""vegetarian,vegan"", true, true, false, false, false,""legumes,whole_grains,olive_oil,herbs_spices"","""""
"r_margherita_pizza_it,""Whole-Wheat Margherita Pizza"",""Lunch"",""Italy"", 540, 24, 64, 18, 8, 780,""Whole-wheat pizza dough; Crushed tomatoes; Fresh mozzarella; Extra-virgin olive oil; Basil; Oregano; Salt; Pepper"",""Step 1: Stretch dough thin on a hot stone. Step 2: Top with tomatoes, mozzarella and a drizzle of oil. Step 3: Bake at 250–280°C until blistered. Step 4: Finish with basil and oregano; season to taste."",""vegetarian"", true, false, false, false, false,""whole_grains,vegetables,olive_oil,yogurt_cheese,herbs_spices"","""""
"r_tiramisu_light_it,""Light Tiramisù (Yogurt–Mascarpone)"",""Snack"",""Italy"", 330, 8, 38, 16, 1, 120,""Ladyfingers; Strong espresso; Mascarpone; Thick Greek yogurt; Sugar; Vanilla; Cocoa powder"",""Step 1: Whisk mascarpone, yogurt, sugar and vanilla until smooth. Step 2: Dip ladyfingers briefly in espresso. Step 3: Layer soaked ladyfingers with cream. Step 4: Chill 2–4 hours and dust with cocoa before serving."",""vegetarian"", true, false, false, false, false,""yogurt_cheese,herbs_spices"","""""
"r_judd_mat_gaardebounen_lu,""Judd mat Gaardebounen (Smoked Pork Neck with Broad Beans)"",""Dinner"",""Luxembourg"", 145.1, 14.8, 1.7, 8.1, 2.3, 897.1,""Smoked pork neck; Broad beans; Leeks (sliced); Carrots (sliced); Onions (chopped); Olive oil"",""Step 1: Boil smoked pork neck in pot with water ~60 minutes. Step 2: Brown pork cubes in pot with olive oil. Step 3: Add chopped onions, garlic, celery and leeks. Step 4: Roast vegetables about 10 minutes. Step 5: Add broad beans, water and simmer ~20 minutes. Step 6: Adjust salt before serving."","""", false, false, false, false, false,""olive_oil,vegetables,legumes"",""https://www.visitluxembourg.com/place/judd-mat-gaardebounen"""
"r_bouneschlupp_lu,""Bouneschlupp (Green Bean Soup)"",""Lunch"",""Luxembourg"", 111.7, 7.2, 8.1, 5.3, 2.7, 635.3,""Potato cubes; Green beans; Leeks (sliced); Onions (chopped); Olive oil; Smoked bacon (optional)"",""Step 1: Prepare the green beans and cube potatoes. Step 2: Add onion and leeks to the green beans. Step 3: Add potatoes and simmer until soft. Step 4: Blend soup for creamy texture or leave chunky. Step 5: Season with salt and pepper."","""", false, false, false, false, false,""olive_oil,vegetables"",""https://www.luxembourg-public.lu/fr/guides/recettes/bouneschlupp.html"""
"r_quetschentaart_lu,""Quetschentaart (Plum Tart)"",""Snack"",""Luxembourg"", 216.6, 3.7, 33.7, 7.2, 2.7, 57.8,""Flour; Butter; Sugar; Eggs; Plums; Cinnamon (ground)"",""Step 1: Mix flour, butter, sugar and eggs into a smooth dough. Step 2: Roll dough and press into tart pan. Step 3: Halve and pit plums, arrange on dough. Step 4: Preheat oven to 200°C (390°F). Step 5: Bake tart until golden brown and plums soft. Step 6: Serve warm or cold."",""vegetarian"", true, false, false, false, false,""fruits,herbs_spices"",""https://www.thefooddictator.com/luxembourg-plum-tart-quetschentaart"""
"r_gromperekichelcher_lu,""Gromperekichelcher (Potato Fritters)"",""Snack"",""Luxembourg"", 211.4, 5.2, 28.5, 8.9, 2.4, 369.5,""Potatoes (grated); Onions; Flour; Egg; Salt; Pepper; Nutmeg; Oil for frying"",""Step 1: Peel and grate potatoes and onion. Step 2: Mix with flour, egg, salt, pepper and nutmeg. Step 3: Heat oil in skillet and drop spoonfuls of mixture. Step 4: Fry until golden brown on both sides. Step 5: Drain on paper towels and serve hot."","""", false, false, false, false, true,""vegetables,herbs_spices"",""https://www.wort.lu/en/luxembourg/recipe-luxembourgish-potato-fritters-54e14cba0c88b46a8ce5d0a8"""
"r_harira_mo,""Harira (Moroccan Chickpea & Lentil Soup)"",""Dinner"",""Morocco"", 58.6, 2.7, 7.1, 2.2, 2.0, 287.2,""Chickpeas; Lentils; Tomatoes; Celery; Onion; Coriander; Parsley; Flour; Olive oil; Lemon; Spices (turmeric, cinnamon, ginger, pepper)"",""Step 1: Soak chickpeas overnight. Step 2: Sauté onions, celery, coriander and parsley in olive oil. Step 3: Add chickpeas, lentils, spices and tomatoes. Step 4: Simmer until pulses are tender. Step 5: Thicken with flour paste, simmer briefly. Step 6: Finish with lemon juice before serving."",""vegetarian,vegan"", true, true, false, true, true,""legumes,vegetables,olive_oil,herbs_spices"",""https://tasteofmaroc.com/moroccan-harira-soup-recipe/"""
"r_bissara_mo,""Bissara (Fava Bean Soup)"",""Lunch"",""Morocco"", 56.0, 3.5, 8.4, 0.7, 3.3, 239.0,""Dried fava beans; Garlic; Olive oil; Cumin; Paprika; Lemon; Salt"",""Step 1: Soak beans overnight, drain. Step 2: Boil beans with garlic until very soft. Step 3: Purée until smooth. Step 4: Season with cumin, paprika, salt and olive oil. Step 5: Serve hot with lemon wedges and bread."",""vegetarian,vegan,gluten-free,dairy-free"", true, true, false, true, true,""legumes,olive_oil,herbs_spices"",""https://tasteofmaroc.com/moroccan-bissara-fava-bean-soup/"""
"r_carrot_orange_soup_mo,""Carrot & Orange Soup"",""Snack"",""Morocco"", 42.0, 1.0, 8.8, 0.3, 2.6, 32.4,""Carrots; Orange juice; Olive oil; Cumin; Ginger; Cinnamon; Salt; Pepper"",""Step 1: Sauté chopped carrots in olive oil with spices. Step 2: Add water, simmer until carrots are tender. Step 3: Purée until smooth. Step 4: Stir in fresh orange juice before serving."",""vegetarian,vegan,gluten-free,dairy-free"", true, true, false, true, true,""vegetables,fruits,olive_oil,herbs_spices"",""https://www.olivemagazine.com/recipes/family/carrot-and-orange-soup/"""
"r_chicken_bastilla_mo,""Chicken Bastilla (Pastilla)"",""Dinner"",""Morocco"", 311.6, 13.1, 21.5, 19.1, 2.0, 294.5,""Chicken; Onions; Eggs; Almonds; Phyllo pastry; Butter; Cinnamon; Sugar; Parsley; Coriander; Spices (saffron, ginger, pepper)"",""Step 1: Cook chicken with onions, parsley, coriander and spices until tender. Step 2: Remove chicken, shred meat. Step 3: Reduce sauce, stir in beaten eggs. Step 4: Layer phyllo sheets with butter, add chicken, egg mixture and almonds. Step 5: Bake until golden brown. Step 6: Dust with cinnamon and sugar."","""", false, false, false, false, false,""poultry,nuts_seeds,herbs_spices"",""https://www.marocmama.com/moroccan-chicken-bastilla/"""
"r_fish_tajine_mo,""Fish Tajine with Chermoula"",""Dinner"",""Morocco"", 197.5, 18.5, 3.0, 12.5, 1.8, 212.0,""White fish fillets; Potatoes; Tomatoes; Bell peppers; Olives; Preserved lemon; Olive oil; Garlic; Parsley; Spices (paprika, cumin, ginger, turmeric)"",""Step 1: Blend garlic, parsley, lemon, spices and olive oil into chermoula paste. Step 2: Rub fish with marinade. Step 3: Layer vegetables in tajine, place fish on top. Step 4: Drizzle with remaining chermoula, cover and cook gently until fish is tender."",""pescatarian,gluten-free,dairy-free"", false, false, true, true, true,""fish,vegetables,olive_oil,herbs_spices"",""https://tasteofmaroc.com/moroccan-fish-tagine-with-chermoula/"""
"r_loubia_mo,""Loubia (Moroccan White Bean Stew)"",""Dinner"",""Morocco"", 134.0, 6.0, 20.0, 3.0, 6.5, 290.0,""White beans; Tomatoes; Onion; Garlic; Olive oil; Paprika; Cumin; Coriander; Parsley; Salt; Pepper"",""Step 1: Soak beans overnight, drain. Step 2: Sauté onion and garlic in olive oil. Step 3: Add beans, tomatoes, spices and water. Step 4: Simmer until beans are soft. Step 5: Garnish with parsley and coriander."",""vegetarian,vegan,gluten-free,dairy-free"", true, true, false, true, true,""legumes,olive_oil,vegetables,herbs_spices"",""https://tasteofmaroc.com/loubia-moroccan-bean-stew-recipe/"""
"r_msmen_mo,""Msemen (Moroccan Layered Flatbread)"",""Snack"",""Morocco"", 198.4, 5.0, 34.8, 4.8, 1.6, 289.1,""Flour; Semolina; Salt; Sugar; Yeast; Water; Butter; Olive oil"",""Step 1: Mix flour, semolina, yeast, salt and water to a dough. Step 2: Rest dough, divide into balls. Step 3: Flatten with butter and oil, fold into squares. Step 4: Cook msemen on griddle until golden on both sides."",""vegetarian"", true, false, false, false, false,""whole_grains,olive_oil"",""https://www.thespruceeats.com/moroccan-msemen-recipe-2394811"""
"r_ensaladilla_rusa_es,""Ensaladilla Rusa (Spanish Potato Salad)"",""Lunch"",""Spain"", 163.5, 5.0, 14.0, 9.3, 2.5, 298.0,""Potatoes; Carrots; Peas; Tuna; Hard-boiled eggs; Mayonnaise; Olive oil; Salt; Pepper"",""Step 1: Boil potatoes, carrots and peas until tender. Step 2: Chop potatoes and carrots into cubes. Step 3: Mix with tuna, peas and mayonnaise. Step 4: Garnish with sliced hard-boiled egg. Step 5: Chill before serving."","""", false, false, true, false, false,""vegetables,fish,olive_oil"",""https://www.spanish-food.org/salads-ensaladilla-rusa.html"""
"r_pisto_es,""Pisto Manchego (Spanish Ratatouille)"",""Dinner"",""Spain"", 117.2, 3.2, 9.4, 7.2, 2.9, 212.5,""Tomatoes; Zucchini; Eggplant; Peppers; Onion; Olive oil; Garlic; Salt; Pepper"",""Step 1: Chop vegetables into cubes. Step 2: Sauté onion and garlic in olive oil. Step 3: Add eggplant, zucchini and peppers, cook until soft. Step 4: Stir in tomatoes, simmer until thickened. Step 5: Season to taste and serve warm."",""vegetarian,vegan"", true, true, false, true, true,""vegetables,olive_oil,herbs_spices"",""https://www.spanishsabores.com/spanish-pisto-recipe/"""
"r_tapas_patatas_bravas_es,""Patatas Bravas"",""Snack"",""Spain"", 223.6, 3.8, 32.7, 9.0, 3.6, 246.5,""Potatoes; Olive oil; Tomato sauce; Garlic; Onion; Paprika; Chili; Vinegar; Salt"",""Step 1: Peel and cube potatoes, fry in olive oil until golden. Step 2: Prepare bravas sauce by sautéing garlic and onion with paprika and chili, add tomato sauce and vinegar. Step 3: Serve potatoes topped with sauce."",""vegetarian,vegan"", true, true, false, true, true,""vegetables,olive_oil,herbs_spices"",""https://www.laylita.com/recipes/patatas-bravas/"""
"r_paella_valenciana_es,""Paella Valenciana"",""Dinner"",""Spain"", 290.5, 15.0, 28.2, 11.3, 3.8, 518.2,""Bomba rice; Chicken; Rabbit; Green beans; White beans; Tomatoes; Olive oil; Saffron; Paprika; Rosemary; Salt"",""Step 1: Heat olive oil in paella pan, brown chicken and rabbit. Step 2: Add beans and tomatoes, cook until soft. Step 3: Stir in rice and paprika. Step 4: Pour in stock, add saffron and rosemary. Step 5: Cook uncovered until rice is tender and socarrat forms."","""", false, false, false, false, false,""whole_grains,poultry,vegetables,olive_oil,herbs_spices"",""https://www.paellarecipes.org/paella-valenciana/"""
"r_fabada_asturiana_es,""Fabada Asturiana (Bean Stew)"",""Dinner"",""Spain"", 245.0, 12.2, 21.6, 11.4, 8.5, 511.4,""White beans; Chorizo; Morcilla (blood sausage); Pork belly; Onion; Garlic; Olive oil; Paprika; Saffron; Bay leaf; Salt"",""Step 1: Soak beans overnight. Step 2: In large pot, cook beans with onion, garlic, bay leaf and olive oil. Step 3: Add chorizo, morcilla and pork belly. Step 4: Season with paprika and saffron. Step 5: Simmer until beans are creamy and meats tender."","""", false, false, false, false, false,""legumes,olive_oil,herbs_spices"",""https://www.spanishsabores.com/fabada-asturiana/"""
"r_tortilla_patatas_es,""Tortilla de Patatas (Spanish Omelette)"",""Snack"",""Spain"", 195.2, 7.6, 19.1, 9.5, 2.4, 181.0,""Potatoes; Eggs; Onion; Olive oil; Salt"",""Step 1: Slice potatoes and onions thinly. Step 2: Fry gently in olive oil until soft. Step 3: Beat eggs and stir in potato mixture. Step 4: Cook in pan until bottom sets. Step 5: Flip tortilla and cook other side until firm."","""", false, false, false, true, false,""vegetables,olive_oil"",""https://www.spain-recipes.com/spanish-omelette.html"""
"r_cochinillo_asado_es,""Cochinillo Asado (Roast Suckling Pig)"",""Dinner"",""Spain"", 331.4, 28.6, 0.0, 23.5, 0.0, 412.6,""Suckling pig; Olive oil; Garlic; Bay leaves; Salt; Pepper"",""Step 1: Rub pig with olive oil, garlic, salt and pepper. Step 2: Place on rack with bay leaves. Step 3: Roast in oven at 200°C until skin is crisp and meat tender (about 2 hours). Step 4: Rest before carving."","""", false, false, false, true, true,""olive_oil,pork,herbs_spices"",""https://www.thespruceeats.com/spanish-roast-suckling-pig-3083597"""
"r_lablabi_tn,""Lablabi (Chickpea Soup with Bread)"",""Dinner"",""Tunisia"", 99.1, 4.6, 14.8, 2.3, 5.1, 228.3,""Chickpeas; Garlic; Cumin; Olive oil; Harissa; Lemon juice; Stale bread; Capers (optional); Olives (optional); Egg (optional)"",""Step 1: Soak chickpeas overnight, then boil until tender. Step 2: Mash some of the chickpeas into the broth. Step 3: Stir in garlic, cumin, olive oil and harissa. Step 4: Break stale bread into bowls, ladle soup on top. Step 5: Garnish with lemon, olives, capers or poached egg."",""vegetarian,vegan"", true, true, false, true, true,""legumes,olive_oil,herbs_spices"",""https://www.196flavors.com/tunisia-lablabi/"""
"r_shorba_tn,""Shorba (Tunisian Soup)"",""Dinner"",""Tunisia"", 67.5, 3.3, 8.5, 2.1, 2.2, 232.0,""Tomatoes; Onion; Garlic; Olive oil; Bulgur (or rice); Chickpeas; Parsley; Mint; Harissa; Spices (coriander, caraway, turmeric)"",""Step 1: Sauté onion and garlic in olive oil. Step 2: Add tomatoes, chickpeas, bulgur and spices. Step 3: Pour in water and simmer until grains are tender. Step 4: Stir in parsley, mint and harissa. Step 5: Serve hot."",""vegetarian,vegan"", true, true, false, false, true,""olive_oil,legumes,whole_grains,vegetables,herbs_spices"",""https://www.tasteatlas.com/shorba"""
"r_brik_tn,""Brik (Tunisian Pastry with Egg)"",""Snack"",""Tunisia"", 230.6, 9.2, 20.7, 12.2, 2.0, 332.7,""Malsouka pastry sheets; Eggs; Tuna (optional); Parsley; Capers; Onion; Harissa; Olive oil for frying"",""Step 1: Place filling (egg, parsley, onion, tuna, capers, harissa) in center of pastry sheet. Step 2: Fold pastry over and seal edges. Step 3: Fry in hot oil until golden and crisp. Step 4: Serve hot immediately."","""", false, false, true, false, false,""olive_oil,fish,herbs_spices"",""https://www.africanbites.com/tunisian-brik-recipe/"""
"r_kafteji_tn,""Kafteji (Fried Vegetable Medley)"",""Lunch"",""Tunisia"", 161.7, 5.1, 16.4, 8.6, 5.8, 180.5,""Potatoes; Zucchini; Peppers; Pumpkin; Tomatoes; Onion; Eggs; Olive oil; Harissa; Parsley"",""Step 1: Chop vegetables into cubes. Step 2: Fry potatoes, zucchini, peppers and pumpkin separately until tender. Step 3: Fry tomatoes and onion, season with harissa. Step 4: Chop everything together, stir in beaten eggs. Step 5: Garnish with parsley."","""", false, false, false, false, false,""vegetables,olive_oil,herbs_spices"",""https://www.196flavors.com/tunisia-kafteji/"""
"r_couscous_tn,""Couscous with Lamb & Vegetables"",""Dinner"",""Tunisia"", 206.8, 8.9, 29.4, 6.2, 5.6, 292.1,""Couscous; Lamb; Carrots; Zucchini; Chickpeas; Tomato paste; Onion; Olive oil; Harissa; Spices (ras el hanout, turmeric)"",""Step 1: Brown lamb with onion in olive oil. Step 2: Add tomato paste, spices and water; simmer. Step 3: Add carrots, zucchini and chickpeas; cook until tender. Step 4: Steam couscous grains separately. Step 5: Fluff couscous and serve topped with lamb and vegetables, with harissa on the side."","""", false, false, false, false, false,""whole_grains,olive_oil,vegetables,legumes,herbs_spices"",""https://www.thespruceeats.com/tunisian-couscous-2394710"""
"r_mloukhia_tn,""Mloukhia (Beef with Jew’s Mallow Stew)"",""Dinner"",""Tunisia"", 189.4, 10.5, 12.3, 11.6, 6.9, 267.0,""Dried Jew’s mallow leaves (powdered); Beef; Onion; Garlic; Olive oil; Tomato paste; Spices (caraway, coriander, chili)"",""Step 1: Dissolve powdered Jew’s mallow in water, whisk until smooth. Step 2: Heat olive oil, fry onion, garlic and tomato paste. Step 3: Add beef pieces and spices. Step 4: Pour in mloukhia mixture. Step 5: Simmer several hours until thick and dark."","""", false, false, false, true, true,""olive_oil,herbs_spices"",""https://www.196flavors.com/tunisia-mloukhia/"""
"r_marqa_tn,""Marqa (Vegetable Stew)"",""Lunch"",""Tunisia"", 138.0, 6.1, 15.0, 5.9, 4.2, 184.2,""Onions; Potatoes; Carrots; Zucchini; Tomato paste; Olive oil; Garlic; Parsley; Harissa; Chickpeas (optional)"",""Step 1: Sauté onions and garlic in olive oil. Step 2: Add tomato paste, harissa and parsley. Step 3: Add chopped vegetables (potatoes, carrots, zucchini) and water. Step 4: Simmer until tender. Step 5: Add chickpeas if using."",""vegetarian,vegan"", true, true, false, false, true,""vegetables,olive_oil,herbs_spices,legumes"",""https://www.tasteatlas.com/marqa"""
"r_mesfouf_tn,""Mesfouf (Sweet Couscous with Dates & Nuts)"",""Snack"",""Tunisia"", 221.5, 6.5, 34.6, 7.2, 5.5, 110.0,""Couscous; Dates; Almonds; Raisins; Butter; Olive oil; Sugar; Cinnamon"",""Step 1: Steam couscous until fluffy. Step 2: Stir in butter and olive oil. Step 3: Mix with chopped dates, almonds and raisins. Step 4: Sprinkle with sugar and cinnamon. Step 5: Serve warm or cold as dessert."",""vegetarian"", true, false, false, false, false,""whole_grains,fruits,nuts_seeds,olive_oil,herbs_spices"",""https://www.196flavors.com/tunisia-mesfouf/"""
"r_chakchouka_dz,""Chakchouka (Eggs in Tomato & Pepper Sauce)"",""Dinner"",""Algeria"", 103.4, 4.9, 8.6, 5.4, 2.8, 217.0,""Tomatoes; Bell peppers; Onions; Garlic; Olive oil; Eggs; Paprika; Cumin; Harissa; Parsley"",""Step 1: Sauté onion, garlic and peppers in olive oil until soft. Step 2: Add tomatoes, paprika, cumin and harissa. Step 3: Simmer until sauce thickens. Step 4: Crack eggs into sauce, cover and cook until just set. Step 5: Garnish with parsley and serve hot."","""", false, false, false, true, true,""vegetables,olive_oil,herbs_spices"",""https://www.196flavors.com/algeria-chakchouka/"""
"r_chorba_dz,""Chorba (Algerian Soup)"",""Dinner"",""Algeria"", 72.1, 4.0, 8.5, 2.5, 2.3, 248.6,""Tomatoes; Onion; Carrots; Celery; Garlic; Olive oil; Vermicelli (or frik cracked wheat); Chickpeas; Coriander; Parsley; Spices (paprika, turmeric, cinnamon)"",""Step 1: Sauté onion, celery, garlic and carrots in olive oil. Step 2: Add tomatoes, chickpeas and spices, simmer. Step 3: Stir in frik or vermicelli. Step 4: Cook until grains are tender. Step 5: Season, add fresh herbs, and serve hot."","""", false, false, false, false, true,""olive_oil,vegetables,whole_grains,herbs_spices,legumes"",""https://www.tasteatlas.com/chorba"""
"r_mechoui_dz,""Mechoui (Roast Lamb)"",""Dinner"",""Algeria"", 279.4, 27.3, 0.0, 18.4, 0.0, 390.2,""Lamb (whole or shoulder); Olive oil; Garlic; Cumin; Paprika; Salt; Pepper"",""Step 1: Rub lamb with olive oil, garlic, cumin, paprika, salt and pepper. Step 2: Roast slowly in oven or over coals until very tender. Step 3: Baste occasionally with juices. Step 4: Rest before carving and serving."","""", false, false, false, true, true,""olive_oil,herbs_spices"",""https://www.thespruceeats.com/mechoui-roast-lamb-2394715"""
"r_couscous_dz,""Couscous Algérien"",""Dinner"",""Algeria"", 212.3, 9.5, 29.8, 6.4, 5.8, 305.1,""Couscous; Lamb; Chicken; Carrots; Zucchini; Pumpkin; Chickpeas; Tomato paste; Onion; Olive oil; Ras el hanout; Harissa"",""Step 1: Brown meat with onion in olive oil. Step 2: Add tomato paste, ras el hanout and water. Step 3: Add carrots, zucchini, pumpkin and chickpeas. Step 4: Steam couscous separately until fluffy. Step 5: Serve couscous topped with meat, vegetables and sauce, with harissa on side."","""", false, false, false, false, false,""whole_grains,olive_oil,vegetables,legumes,herbs_spices"",""https://www.196flavors.com/algeria-couscous/"""
"r_dolma_dz,""Dolma (Stuffed Vegetables)"",""Lunch"",""Algeria"", 184.6, 9.1, 13.8, 10.1, 4.7, 228.2,""Zucchini; Bell peppers; Tomatoes; Eggplant; Ground beef or lamb; Rice; Onion; Garlic; Olive oil; Parsley; Spices (cinnamon, paprika)"",""Step 1: Hollow vegetables (zucchini, peppers, tomatoes, eggplant). Step 2: Mix ground meat with rice, onion, garlic, parsley and spices. Step 3: Stuff vegetables with mixture. Step 4: Place in pot with tomato sauce and olive oil. Step 5: Simmer until vegetables are tender and filling cooked."","""", false, false, false, false, false,""vegetables,olive_oil,whole_grains,herbs_spices"",""https://www.curiouscuisiniere.com/algerian-dolma/"""
"r_rechta_dz,""Rechta (Homemade Noodles with Chicken)"",""Dinner"",""Algeria"", 198.2, 10.4, 29.2, 5.2, 3.5, 276.1,""Homemade noodles (semolina); Chicken; Turnips; Chickpeas; Onion; Cinnamon stick; Olive oil; Butter; Parsley"",""Step 1: Prepare sauce with onion, cinnamon, olive oil, butter and chicken. Step 2: Add turnips, chickpeas and water, simmer until tender. Step 3: Steam noodles over sauce until cooked. Step 4: Serve noodles topped with chicken and vegetables."","""", false, false, false, false, false,"""""
